Path,Name,Ext,SizeMB,Modified,Hash,Suspicious
C:\Users\Admin\Desktop\Adobe Audition 1.5\setup.exe,setup.exe,.exe,37.74,2024-01-03 10:39,a25ca176d75691df24b194c574fc840fb26f636563480675289b95681c7bfda6,NO
C:\Users\Admin\Desktop\windows-log-hunter\venv\Scripts\Activate.ps1,Activate.ps1,.ps1,0.01,2025-10-07 11:20,eb8ce20f580877d300c4fed60a7f36daa18715d35c50bb3596d6995d023b4ffe,NO
C:\Users\Admin\Desktop\windows-log-hunter\venv\Scripts\evtx_dump.exe,evtx_dump.exe,.exe,0.1,2025-10-30 17:26,5cf879e5e82e19835c1b248efd91df85b2ca3ff8bfda07e969114abf38ee75de,NO
C:\Users\Admin\Desktop\windows-log-hunter\venv\Scripts\evtx_dump_chunk_slack.exe,evtx_dump_chunk_slack.exe,.exe,0.1,2025-10-30 17:26,1865b03dd0b51ec94b22e7f1d03e296262ee958c3f5967c3c5b01f894a23222a,NO
C:\Users\Admin\Desktop\windows-log-hunter\venv\Scripts\evtx_dump_json.exe,evtx_dump_json.exe,.exe,0.1,2025-10-30 17:26,39d1af432b947b0a3a5802dd766853c00122cbbf537ecca085b07613217eb6d0,NO
C:\Users\Admin\Desktop\windows-log-hunter\venv\Scripts\evtx_eid_record_numbers.exe,evtx_eid_record_numbers.exe,.exe,0.1,2025-10-30 17:26,f85c380abf4a50885d51437c028893e1177095b7e9ff8541b87f9e5da4edee32,NO
C:\Users\Admin\Desktop\windows-log-hunter\venv\Scripts\evtx_extract_record.exe,evtx_extract_record.exe,.exe,0.1,2025-10-30 17:26,55f603c3ed6b51bcb2bfb7a12aeb2b1bf6e8c1a79df8f4f1adc118c9a4bd0ba7,NO
C:\Users\Admin\Desktop\windows-log-hunter\venv\Scripts\evtx_filter_records.exe,evtx_filter_records.exe,.exe,0.1,2025-10-30 17:26,c3ca346b17916633cc797e2cfbe6de031b480dcc6c8ae038c3d33030768f23f4,NO
C:\Users\Admin\Desktop\windows-log-hunter\venv\Scripts\evtx_info.exe,evtx_info.exe,.exe,0.1,2025-10-30 17:26,221a3e5712336914829756222c57a436ef80155d6e073762393c07a3391de397,NO
C:\Users\Admin\Desktop\windows-log-hunter\venv\Scripts\evtx_record_structure.exe,evtx_record_structure.exe,.exe,0.1,2025-10-30 17:26,a27ddd4c8b685b03442a423f72e71c3e98c117a182c8b91aaa4562262e6a315a,NO
C:\Users\Admin\Desktop\windows-log-hunter\venv\Scripts\evtx_structure.exe,evtx_structure.exe,.exe,0.1,2025-10-30 17:26,fd9ef2d6cd47d7fb743eb96069e7b9e75e1382c2e37e6a60fc7aa9471f384f60,NO
C:\Users\Admin\Desktop\windows-log-hunter\venv\Scripts\evtx_templates.exe,evtx_templates.exe,.exe,0.1,2025-10-30 17:26,5bda0ee9f056a24a3a1119152eeed1f6ad75a087078e8a7559d84cccf4f0eb72,YES
C:\Users\Admin\Desktop\windows-log-hunter\venv\Scripts\f2py.exe,f2py.exe,.exe,0.1,2025-10-30 17:27,673cdfe91a56828e4ce1a8ea5bbe0b19f650a32bf50a2cb48dadae41d38bb49e,NO
C:\Users\Admin\Desktop\windows-log-hunter\venv\Scripts\normalizer.exe,normalizer.exe,.exe,0.1,2025-10-30 18:24,0b48a2ecd3ee2b4887124d75df79de02d4f25b5ed3382551d85fc735291febb4,NO
C:\Users\Admin\Desktop\windows-log-hunter\venv\Scripts\numpy-config.exe,numpy-config.exe,.exe,0.1,2025-10-30 17:27,61b1bf2a07024f872d53c135b0963cb557063bf913d9a12894d6728ca876bd30,NO
C:\Users\Admin\Desktop\windows-log-hunter\venv\Scripts\pip.exe,pip.exe,.exe,0.1,2025-10-30 17:24,8e6c2c889f924038c172c69e1851841c5d24eefa747c533671dc261df49e7407,NO
C:\Users\Admin\Desktop\windows-log-hunter\venv\Scripts\pip3.14.exe,pip3.14.exe,.exe,0.1,2025-10-30 17:24,8e6c2c889f924038c172c69e1851841c5d24eefa747c533671dc261df49e7407,NO
C:\Users\Admin\Desktop\windows-log-hunter\venv\Scripts\pip3.exe,pip3.exe,.exe,0.1,2025-10-30 17:24,8e6c2c889f924038c172c69e1851841c5d24eefa747c533671dc261df49e7407,NO
C:\Users\Admin\Desktop\windows-log-hunter\venv\Scripts\python.exe,python.exe,.exe,0.24,2025-10-07 11:17,7bcdf892816a8d651e89f008cfc2f1544a41f13089af70a227b9fc54ced8551f,NO
C:\Users\Admin\Desktop\windows-log-hunter\venv\Scripts\pythonw.exe,pythonw.exe,.exe,0.24,2025-10-07 11:17,a23c852a5d2303784c42888745a9376f741a939e3c3b04ef4cd9f3fc7e2a89df,NO
C:\Users\Admin\Desktop\windows-log-hunter\venv\Scripts\pywin32_postinstall.exe,pywin32_postinstall.exe,.exe,0.1,2025-10-30 17:25,d9c78653b936d6366b9e998ef92c1cef9f2a3de85b1da8522110c9e6b1c188be,NO
C:\Users\Admin\Desktop\windows-log-hunter\venv\Scripts\pywin32_testall.exe,pywin32_testall.exe,.exe,0.1,2025-10-30 17:25,65bbd9bed9a0174928cccf1b14a374cef74e108857af4e74b5f83e895cb1b8e8,NO
C:\Users\Admin\Desktop\windows-log-hunter\venv\Lib\site-packages\isapi\PyISAPI_loader.dll,PyISAPI_loader.dll,.dll,0.07,2025-10-30 17:25,2c8bd6ce62f7c2281665dadf1ac0c5e21ab75d0fa62d53d94fb1a5593bcde397,NO
C:\Users\Admin\Desktop\windows-log-hunter\venv\Lib\site-packages\numpy.libs\libscipy_openblas64_-860d95b1c38e637ce4509f5fa24fbf2a.dll,libscipy_openblas64_-860d95b1c38e637ce4509f5fa24fbf2a.dll,.dll,19.46,2025-10-30 17:26,860d95b1c38e637ce4509f5fa24fbf2a98ba8696f9f3d28bf184bee74ad9a325,NO
C:\Users\Admin\Desktop\windows-log-hunter\venv\Lib\site-packages\numpy.libs\msvcp140-a4c2229bdc2a2a630acdc095b4d86008.dll,msvcp140-a4c2229bdc2a2a630acdc095b4d86008.dll,.dll,0.55,2025-10-30 17:26,a4c2229bdc2a2a630acdc095b4d86008e5c3e3bc7773174354f3da4f5beb9cde,NO
C:\Users\Admin\Desktop\windows-log-hunter\venv\Lib\site-packages\pandas.libs\msvcp140-a4c2229bdc2a2a630acdc095b4d86008.dll,msvcp140-a4c2229bdc2a2a630acdc095b4d86008.dll,.dll,0.55,2025-10-30 17:27,a4c2229bdc2a2a630acdc095b4d86008e5c3e3bc7773174354f3da4f5beb9cde,NO
C:\Users\Admin\Desktop\windows-log-hunter\venv\Lib\site-packages\pythonwin\mfc140u.dll,mfc140u.dll,.dll,5.4,2025-10-30 17:25,643ce7fe6a203c53a96a00f272a1a5b42d5b0c320c84364a6fe866307a19bb65,NO
C:\Users\Admin\Desktop\windows-log-hunter\venv\Lib\site-packages\pythonwin\Pythonwin.exe,Pythonwin.exe,.exe,0.06,2025-10-30 17:25,0c981044083abfc9d031081ffdceb2691db7cfa04a2fb9e467e6b73ee0a072ad,NO
C:\Users\Admin\Desktop\windows-log-hunter\venv\Lib\site-packages\pythonwin\scintilla.dll,scintilla.dll,.dll,1.43,2025-10-30 17:25,762023d868c469c9275c4a6c2152ed093f14963740ced1a981ff2fdfe44b2e6b,NO
C:\Users\Admin\Desktop\windows-log-hunter\venv\Lib\site-packages\pywin32_system32\pythoncom314.dll,pythoncom314.dll,.dll,0.66,2025-10-30 17:25,4f56f39e866d4e9c67c1bae3cbbe92a1fe70391799c1cfcb13b0d94e56c14941,NO
C:\Users\Admin\Desktop\windows-log-hunter\venv\Lib\site-packages\pywin32_system32\pywintypes314.dll,pywintypes314.dll,.dll,0.13,2025-10-30 17:25,74f036548f3321d312205085662b2b92c0654354a718a41c44e02fd4e01fedb9,NO
C:\Users\Admin\Desktop\windows-log-hunter\venv\Lib\site-packages\win32\perfmondata.dll,perfmondata.dll,.dll,0.02,2025-10-30 17:25,d43d9b2c46bfecca6d5878841e6399c3be0330f56c21b5c310fc7d922fcb7557,NO
C:\Users\Admin\Desktop\windows-log-hunter\venv\Lib\site-packages\win32\pythonservice.exe,pythonservice.exe,.exe,0.02,2025-10-30 17:25,24b0792f9fb9a75619ade84c269b03190bc4856ec6c38d7ad3c356a219829048,NO
C:\Users\Admin\Desktop\windows-log-hunter\venv\Lib\site-packages\pip\_vendor\distlib\t32.exe,t32.exe,.exe,0.09,2025-10-30 17:23,6b4195e640a85ac32eb6f9628822a622057df1e459df7c17a12f97aeabc9415b,NO
C:\Users\Admin\Desktop\windows-log-hunter\venv\Lib\site-packages\pip\_vendor\distlib\t64-arm.exe,t64-arm.exe,.exe,0.17,2025-10-30 17:23,ebc4c06b7d95e74e315419ee7e88e1d0f71e9e9477538c00a93a9ff8c66a6cfc,NO
C:\Users\Admin\Desktop\windows-log-hunter\venv\Lib\site-packages\pip\_vendor\distlib\t64.exe,t64.exe,.exe,0.1,2025-10-30 17:23,81a618f21cb87db9076134e70388b6e9cb7c2106739011b6a51772d22cae06b7,NO
C:\Users\Admin\Desktop\windows-log-hunter\venv\Lib\site-packages\pip\_vendor\distlib\w32.exe,w32.exe,.exe,0.09,2025-10-30 17:23,47872cc77f8e18cf642f868f23340a468e537e64521d9a3a416c8b84384d064b,NO
C:\Users\Admin\Desktop\windows-log-hunter\venv\Lib\site-packages\pip\_vendor\distlib\w64-arm.exe,w64-arm.exe,.exe,0.16,2025-10-30 17:23,c5dc9884a8f458371550e09bd396e5418bf375820a31b9899f6499bf391c7b2e,NO
C:\Users\Admin\Desktop\windows-log-hunter\venv\Lib\site-packages\pip\_vendor\distlib\w64.exe,w64.exe,.exe,0.1,2025-10-30 17:23,7a319ffaba23a017d7b1e18ba726ba6c54c53d6446db55f92af53c279894f8ad,NO
C:\Users\Admin\Desktop\windows-log-hunter\.venv\Scripts\python.exe,python.exe,.exe,0.24,2025-10-07 11:17,7bcdf892816a8d651e89f008cfc2f1544a41f13089af70a227b9fc54ced8551f,NO
C:\Users\Admin\Desktop\windows-log-hunter\.venv\Scripts\pythonw.exe,pythonw.exe,.exe,0.24,2025-10-07 11:17,a23c852a5d2303784c42888745a9376f741a939e3c3b04ef4cd9f3fc7e2a89df,NO
C:\Users\Admin\Desktop\windows-log-hunter\.venv\Lib\site-packages\pip\_vendor\distlib\t32.exe,t32.exe,.exe,0.09,2025-10-30 17:21,6b4195e640a85ac32eb6f9628822a622057df1e459df7c17a12f97aeabc9415b,NO
C:\Users\Admin\Desktop\windows-log-hunter\.venv\Lib\site-packages\pip\_vendor\distlib\t64-arm.exe,t64-arm.exe,.exe,0.17,2025-10-30 17:21,ebc4c06b7d95e74e315419ee7e88e1d0f71e9e9477538c00a93a9ff8c66a6cfc,NO
C:\Users\Admin\Desktop\windows-log-hunter\.venv\Lib\site-packages\pip\_vendor\distlib\t64.exe,t64.exe,.exe,0.1,2025-10-30 17:21,81a618f21cb87db9076134e70388b6e9cb7c2106739011b6a51772d22cae06b7,NO
C:\Users\Admin\Desktop\windows-log-hunter\.venv\Lib\site-packages\pip\_vendor\distlib\w32.exe,w32.exe,.exe,0.09,2025-10-30 17:21,47872cc77f8e18cf642f868f23340a468e537e64521d9a3a416c8b84384d064b,NO
C:\Users\Admin\Desktop\windows-log-hunter\.venv\Lib\site-packages\pip\_vendor\distlib\w64-arm.exe,w64-arm.exe,.exe,0.16,2025-10-30 17:21,c5dc9884a8f458371550e09bd396e5418bf375820a31b9899f6499bf391c7b2e,NO
C:\Users\Admin\Desktop\windows-log-hunter\.venv\Lib\site-packages\pip\_vendor\distlib\w64.exe,w64.exe,.exe,0.1,2025-10-30 17:21,7a319ffaba23a017d7b1e18ba726ba6c54c53d6446db55f92af53c279894f8ad,NO
C:\Users\Admin\Desktop\scanner\venv\Scripts\python.exe,python.exe,.exe,0.24,2025-10-07 11:17,7bcdf892816a8d651e89f008cfc2f1544a41f13089af70a227b9fc54ced8551f,NO
C:\Users\Admin\Desktop\scanner\venv\Scripts\pythonw.exe,pythonw.exe,.exe,0.24,2025-10-07 11:17,a23c852a5d2303784c42888745a9376f741a939e3c3b04ef4cd9f3fc7e2a89df,NO
C:\Users\Admin\Desktop\scanner\venv\Lib\site-packages\pip\_vendor\distlib\t32.exe,t32.exe,.exe,0.09,2025-10-29 13:07,6b4195e640a85ac32eb6f9628822a622057df1e459df7c17a12f97aeabc9415b,NO
C:\Users\Admin\Desktop\scanner\venv\Lib\site-packages\pip\_vendor\distlib\t64-arm.exe,t64-arm.exe,.exe,0.17,2025-10-29 13:07,ebc4c06b7d95e74e315419ee7e88e1d0f71e9e9477538c00a93a9ff8c66a6cfc,NO
C:\Users\Admin\Desktop\scanner\venv\Lib\site-packages\pip\_vendor\distlib\t64.exe,t64.exe,.exe,0.1,2025-10-29 13:07,81a618f21cb87db9076134e70388b6e9cb7c2106739011b6a51772d22cae06b7,NO
C:\Users\Admin\Desktop\scanner\venv\Lib\site-packages\pip\_vendor\distlib\w32.exe,w32.exe,.exe,0.09,2025-10-29 13:07,47872cc77f8e18cf642f868f23340a468e537e64521d9a3a416c8b84384d064b,NO
C:\Users\Admin\Desktop\scanner\venv\Lib\site-packages\pip\_vendor\distlib\w64-arm.exe,w64-arm.exe,.exe,0.16,2025-10-29 13:07,c5dc9884a8f458371550e09bd396e5418bf375820a31b9899f6499bf391c7b2e,NO
C:\Users\Admin\Desktop\scanner\venv\Lib\site-packages\pip\_vendor\distlib\w64.exe,w64.exe,.exe,0.1,2025-10-29 13:07,7a319ffaba23a017d7b1e18ba726ba6c54c53d6446db55f92af53c279894f8ad,NO
C:\Users\Admin\Desktop\scanner\myenv\Scripts\Activate.ps1,Activate.ps1,.ps1,0.01,2025-10-07 11:20,eb8ce20f580877d300c4fed60a7f36daa18715d35c50bb3596d6995d023b4ffe,NO
C:\Users\Admin\Desktop\scanner\myenv\Scripts\normalizer.exe,normalizer.exe,.exe,0.1,2025-10-29 13:08,c1ddd543a4bd0ec9ccdb6c670b6cb868642ee0e1e2ab965bbcee304083e2061a,NO
C:\Users\Admin\Desktop\scanner\myenv\Scripts\pip.exe,pip.exe,.exe,0.1,2025-10-28 17:14,685e44184f4be17bfa28a9d5b4c64081da6adad467e86d962bb1daa944d23533,NO
C:\Users\Admin\Desktop\scanner\myenv\Scripts\pip3.14.exe,pip3.14.exe,.exe,0.1,2025-10-28 17:14,685e44184f4be17bfa28a9d5b4c64081da6adad467e86d962bb1daa944d23533,NO
C:\Users\Admin\Desktop\scanner\myenv\Scripts\pip3.exe,pip3.exe,.exe,0.1,2025-10-28 17:14,685e44184f4be17bfa28a9d5b4c64081da6adad467e86d962bb1daa944d23533,NO
C:\Users\Admin\Desktop\scanner\myenv\Scripts\py.test.exe,py.test.exe,.exe,0.1,2025-10-29 13:27,6a92d6e15193b6a9e51f8f3a7a68d503cd5794ed29e459f809b9e5ad6c4db8c2,NO
C:\Users\Admin\Desktop\scanner\myenv\Scripts\pygmentize.exe,pygmentize.exe,.exe,0.1,2025-10-29 13:27,73afc779b3456c9789ff8daac05d6bd066609486e5bb1a359c9def35de027605,NO
C:\Users\Admin\Desktop\scanner\myenv\Scripts\pytest.exe,pytest.exe,.exe,0.1,2025-10-29 13:27,6a92d6e15193b6a9e51f8f3a7a68d503cd5794ed29e459f809b9e5ad6c4db8c2,NO
C:\Users\Admin\Desktop\scanner\myenv\Scripts\python.exe,python.exe,.exe,0.24,2025-10-07 11:17,7bcdf892816a8d651e89f008cfc2f1544a41f13089af70a227b9fc54ced8551f,NO
C:\Users\Admin\Desktop\scanner\myenv\Scripts\pythonw.exe,pythonw.exe,.exe,0.24,2025-10-07 11:17,a23c852a5d2303784c42888745a9376f741a939e3c3b04ef4cd9f3fc7e2a89df,NO
C:\Users\Admin\Desktop\scanner\myenv\Lib\site-packages\pip\_vendor\distlib\t32.exe,t32.exe,.exe,0.09,2025-10-28 17:13,6b4195e640a85ac32eb6f9628822a622057df1e459df7c17a12f97aeabc9415b,NO
C:\Users\Admin\Desktop\scanner\myenv\Lib\site-packages\pip\_vendor\distlib\t64-arm.exe,t64-arm.exe,.exe,0.17,2025-10-28 17:13,ebc4c06b7d95e74e315419ee7e88e1d0f71e9e9477538c00a93a9ff8c66a6cfc,NO
C:\Users\Admin\Desktop\scanner\myenv\Lib\site-packages\pip\_vendor\distlib\t64.exe,t64.exe,.exe,0.1,2025-10-28 17:13,81a618f21cb87db9076134e70388b6e9cb7c2106739011b6a51772d22cae06b7,NO
C:\Users\Admin\Desktop\scanner\myenv\Lib\site-packages\pip\_vendor\distlib\w32.exe,w32.exe,.exe,0.09,2025-10-28 17:13,47872cc77f8e18cf642f868f23340a468e537e64521d9a3a416c8b84384d064b,NO
C:\Users\Admin\Desktop\scanner\myenv\Lib\site-packages\pip\_vendor\distlib\w64-arm.exe,w64-arm.exe,.exe,0.16,2025-10-28 17:13,c5dc9884a8f458371550e09bd396e5418bf375820a31b9899f6499bf391c7b2e,NO
C:\Users\Admin\Desktop\scanner\myenv\Lib\site-packages\pip\_vendor\distlib\w64.exe,w64.exe,.exe,0.1,2025-10-28 17:13,7a319ffaba23a017d7b1e18ba726ba6c54c53d6446db55f92af53c279894f8ad,NO
C:\Users\Admin\Desktop\scanner\.venv\Scripts\Activate.ps1,Activate.ps1,.ps1,0.01,2025-10-07 11:20,eb8ce20f580877d300c4fed60a7f36daa18715d35c50bb3596d6995d023b4ffe,NO
C:\Users\Admin\Desktop\scanner\.venv\Scripts\normalizer.exe,normalizer.exe,.exe,0.1,2025-10-28 17:32,64ff28d7344c0fcab7b768d73775e7a7fbd888518304b593387d7b3577b4ec53,NO
C:\Users\Admin\Desktop\scanner\.venv\Scripts\pip.exe,pip.exe,.exe,0.1,2025-10-28 17:31,ea10e6b67e040c0ef0cc40e24d0c0b79cf1cb9376202d0c5bb28a206b873a636,NO
C:\Users\Admin\Desktop\scanner\.venv\Scripts\pip3.14.exe,pip3.14.exe,.exe,0.1,2025-10-28 17:31,ea10e6b67e040c0ef0cc40e24d0c0b79cf1cb9376202d0c5bb28a206b873a636,NO
C:\Users\Admin\Desktop\scanner\.venv\Scripts\pip3.exe,pip3.exe,.exe,0.1,2025-10-28 17:31,ea10e6b67e040c0ef0cc40e24d0c0b79cf1cb9376202d0c5bb28a206b873a636,NO
C:\Users\Admin\Desktop\scanner\.venv\Scripts\python.exe,python.exe,.exe,0.24,2025-10-07 11:17,7bcdf892816a8d651e89f008cfc2f1544a41f13089af70a227b9fc54ced8551f,NO
C:\Users\Admin\Desktop\scanner\.venv\Scripts\pythonw.exe,pythonw.exe,.exe,0.24,2025-10-07 11:17,a23c852a5d2303784c42888745a9376f741a939e3c3b04ef4cd9f3fc7e2a89df,NO
C:\Users\Admin\Desktop\scanner\.venv\Lib\site-packages\pip\_vendor\distlib\t32.exe,t32.exe,.exe,0.09,2025-10-28 17:31,6b4195e640a85ac32eb6f9628822a622057df1e459df7c17a12f97aeabc9415b,NO
C:\Users\Admin\Desktop\scanner\.venv\Lib\site-packages\pip\_vendor\distlib\t64-arm.exe,t64-arm.exe,.exe,0.17,2025-10-28 17:31,ebc4c06b7d95e74e315419ee7e88e1d0f71e9e9477538c00a93a9ff8c66a6cfc,NO
C:\Users\Admin\Desktop\scanner\.venv\Lib\site-packages\pip\_vendor\distlib\t64.exe,t64.exe,.exe,0.1,2025-10-28 17:31,81a618f21cb87db9076134e70388b6e9cb7c2106739011b6a51772d22cae06b7,NO
C:\Users\Admin\Desktop\scanner\.venv\Lib\site-packages\pip\_vendor\distlib\w32.exe,w32.exe,.exe,0.09,2025-10-28 17:31,47872cc77f8e18cf642f868f23340a468e537e64521d9a3a416c8b84384d064b,NO
C:\Users\Admin\Desktop\scanner\.venv\Lib\site-packages\pip\_vendor\distlib\w64-arm.exe,w64-arm.exe,.exe,0.16,2025-10-28 17:31,c5dc9884a8f458371550e09bd396e5418bf375820a31b9899f6499bf391c7b2e,NO
C:\Users\Admin\Desktop\scanner\.venv\Lib\site-packages\pip\_vendor\distlib\w64.exe,w64.exe,.exe,0.1,2025-10-28 17:31,7a319ffaba23a017d7b1e18ba726ba6c54c53d6446db55f92af53c279894f8ad,NO
C:\Users\Admin\Desktop\saferecon\.venv\Scripts\Activate.ps1,Activate.ps1,.ps1,0.01,2025-10-07 11:20,eb8ce20f580877d300c4fed60a7f36daa18715d35c50bb3596d6995d023b4ffe,NO
C:\Users\Admin\Desktop\saferecon\.venv\Scripts\pip.exe,pip.exe,.exe,0.1,2025-10-24 17:42,f880e4bf62c13b272efe0d64ad90e50c32e6ecf65bf67f0cca068e7e60c66ee1,NO
C:\Users\Admin\Desktop\saferecon\.venv\Scripts\pip3.14.exe,pip3.14.exe,.exe,0.1,2025-10-24 17:42,f880e4bf62c13b272efe0d64ad90e50c32e6ecf65bf67f0cca068e7e60c66ee1,NO
C:\Users\Admin\Desktop\saferecon\.venv\Scripts\pip3.exe,pip3.exe,.exe,0.1,2025-10-24 17:42,f880e4bf62c13b272efe0d64ad90e50c32e6ecf65bf67f0cca068e7e60c66ee1,NO
C:\Users\Admin\Desktop\saferecon\.venv\Scripts\python.exe,python.exe,.exe,0.24,2025-10-07 11:17,7bcdf892816a8d651e89f008cfc2f1544a41f13089af70a227b9fc54ced8551f,NO
C:\Users\Admin\Desktop\saferecon\.venv\Scripts\pythonw.exe,pythonw.exe,.exe,0.24,2025-10-07 11:17,a23c852a5d2303784c42888745a9376f741a939e3c3b04ef4cd9f3fc7e2a89df,NO
C:\Users\Admin\Desktop\saferecon\.venv\Lib\site-packages\pip\_vendor\distlib\t32.exe,t32.exe,.exe,0.09,2025-10-24 17:42,6b4195e640a85ac32eb6f9628822a622057df1e459df7c17a12f97aeabc9415b,NO
C:\Users\Admin\Desktop\saferecon\.venv\Lib\site-packages\pip\_vendor\distlib\t64-arm.exe,t64-arm.exe,.exe,0.17,2025-10-24 17:42,ebc4c06b7d95e74e315419ee7e88e1d0f71e9e9477538c00a93a9ff8c66a6cfc,NO
C:\Users\Admin\Desktop\saferecon\.venv\Lib\site-packages\pip\_vendor\distlib\t64.exe,t64.exe,.exe,0.1,2025-10-24 17:42,81a618f21cb87db9076134e70388b6e9cb7c2106739011b6a51772d22cae06b7,NO
C:\Users\Admin\Desktop\saferecon\.venv\Lib\site-packages\pip\_vendor\distlib\w32.exe,w32.exe,.exe,0.09,2025-10-24 17:42,47872cc77f8e18cf642f868f23340a468e537e64521d9a3a416c8b84384d064b,NO
C:\Users\Admin\Desktop\saferecon\.venv\Lib\site-packages\pip\_vendor\distlib\w64-arm.exe,w64-arm.exe,.exe,0.16,2025-10-24 17:42,c5dc9884a8f458371550e09bd396e5418bf375820a31b9899f6499bf391c7b2e,NO
C:\Users\Admin\Desktop\saferecon\.venv\Lib\site-packages\pip\_vendor\distlib\w64.exe,w64.exe,.exe,0.1,2025-10-24 17:42,7a319ffaba23a017d7b1e18ba726ba6c54c53d6446db55f92af53c279894f8ad,NO
